{
	"display": {
		"icon": {
			"item": "minecraft:leather_boots",
			"nbt": "{display:{color:7078047},Enchantments:[{id:\"soul_speed\"}],CustomModelData:7300}"
		},
		"title": {
			"translate": "Ender Adventurer"
		},
		"description": {
			"translate": "Discover every End Biome"
		},
		"frame": "challenge",
		"show_toast": true,
		"announce_to_chat": true
	},
	"parent": "minecraft:end/enter_end_gateway",
	"criteria": {
		"amethyst_forest": {
			"trigger": "minecraft:location",
			"conditions": {
				"location": {
					"biome": "far_end:amethyst_forest"
				}
			}
		},
		"ashfall_delta": {
			"trigger": "minecraft:location",
			"conditions": {
				"location": {
					"biome": "far_end:ashfall_delta"
				}
			}
		},
		"end_wilds": {
			"trigger": "minecraft:location",
			"conditions": {
				"location": {
					"biome": "far_end:end_wilds"
				}
			}
		},
		"ender_waste": {
			"trigger": "minecraft:location",
			"conditions": {
				"location": {
					"biome": "far_end:ender_waste"
				}
			}
		},
		"flesh_tundra": {
			"trigger": "minecraft:location",
			"conditions": {
				"location": {
					"biome": "far_end:flesh_tundra"
				}
			}
		},
		"the_nest": {
			"trigger": "minecraft:location",
			"conditions": {
				"location": {
					"biome": "far_end:the_nest"
				}
			}
		},
		"blazing_dunes": {
			"trigger": "minecraft:location",
			"conditions": {
				"location": {
					"biome": "fokastudio:blazing_dunes"
				}
			}
		},
		"chorus_jungle": {
			"trigger": "minecraft:location",
			"conditions": {
				"location": {
					"biome": "fokastudio:chorus_jungle"
				}
			}
		},
		"glowshroom_valley": {
			"trigger": "minecraft:location",
			"conditions": {
				"location": {
					"biome": "fokastudio:glowshroom_valley"
				}
			}
		},
		"shattered_end": {
			"trigger": "minecraft:location",
			"conditions": {
				"location": {
					"biome": "fokastudio:shattered_end"
				}
			}
		},
		"end_highlands": {
			"trigger": "minecraft:location",
			"conditions": {
				"location": {
					"biome": "minecraft:end_highlands"
				}
			}
		},
		"end_barrens": {
			"trigger": "minecraft:location",
			"conditions": {
				"location": {
					"biome": "minecraft:end_barrens"
				}
			}
		},
		"end_midlands": {
			"trigger": "minecraft:location",
			"conditions": {
				"location": {
					"biome": "minecraft:end_midlands"
				}
			}
		},
		"the_end": {
			"trigger": "minecraft:location",
			"conditions": {
				"location": {
					"biome": "minecraft:the_end"
				}
			}
		},
		"small_end_islands": {
			"trigger": "minecraft:location",
			"conditions": {
				"location": {
					"biome": "minecraft:small_end_islands"
				}
			}
		}
	},
	"requirements": [
		[
			"amethyst_forest"
		],
		[
			"ashfall_delta"
		],
		[
			"end_wilds"
		],
		[
			"flesh_tundra"
		],
		[
			"the_nest"
		],
		[
			"blazing_dunes"
		],
		[
			"chorus_jungle"
		],
		[
			"glowshroom_valley"
		],
		[
			"shattered_end"
		],
		[
			"end_highlands"
		],
		[
			"end_midlands"
		],
		[
			"the_end"
		],
		[
			"small_end_islands"
		],
		[
			"end_barrens"
		],
		[
			"ender_waste"
		]
	],
	"rewards": {}
}
