{
	"display": {
		"icon": {
			"item": "minecraft:end_stone_bricks"
		},
		"title": {
			"translate": "Guided by the Eye"
		},
		"description": {
			"translate": "Find an Ender Stronghold"
		},
		"frame": "goal",
		"show_toast": true,
		"announce_to_chat": true,
		"hidden": false
	},
	"parent": "minecraft:end/enter_end_gateway",
	"criteria": {
		"find_stronghold": {
			"trigger": "minecraft:location",
			"conditions": {
				"location": {
					"feature": "stronghold",
					"dimension": "minecraft:the_end"
				}
			}
		}
	},
	"requirements": [
		[
			"find_stronghold"
		]
	]
}
