{
	"condition": "minecraft:alternative",
	"terms": [
		{
			"condition": "minecraft:reference",
			"name": "fokastudio:fsee/locations/biomes/in_flesh_tundra"
		},
		{
			"condition": "minecraft:reference",
			"name": "fokastudio:fsee/locations/biomes/in_chorus_jungle"
		},
		{
			"condition": "minecraft:reference",
			"name": "fokastudio:fsee/locations/biomes/in_amethyst_forest"
		},
		{
			"condition": "minecraft:reference",
			"name": "fokastudio:fsee/locations/biomes/in_frosted_hills"
		}
	]
}
