{
  "type": "minecraft:vegetation_patch",
  "config": {
    "surface": "floor",
    "depth": 1,
    "vertical_range": 1,
    "extra_bottom_block_chance": 0,
    "extra_edge_column_chance": 0.5,
    "vegetation_chance": 1,
    "xz_radius": {
      "type": "minecraft:uniform",
      "value": {
        "min_inclusive": 0,
        "max_inclusive": 3
      }
    },
    "replaceable": "far_end:single/end_stone",
    "ground_state": {
      "type": "minecraft:weighted_state_provider",
      "entries": [
        {
          "weight": 3,
          "data": {
            "Name": "minecraft:rooted_dirt"
          }
        },
        {
          "weight": 10,
          "data": {
            "Name": "minecraft:end_stone"
          }
        },
        {
          "weight": 10,
          "data": {
            "Name": "minecraft:end_stone_bricks"
          }
        },
        {
          "weight": 30,
          "data": {
            "Name": "minecraft:grass_block",
            "Properties": {
              "snowy": "false"
            }
          }
        }
      ]
    },
    "vegetation_feature": {
      "feature": {
        "type": "minecraft:flower",
        "config": {
          "tries": 10,
          "xz_spread": 7,
          "y_spread": 3,
          "feature": {
            "feature": {
              "type": "minecraft:simple_block",
              "config": {
                "to_place": {
                  "type": "minecraft:weighted_state_provider",
                  "entries": [
                    {
                      "weight": 1,
                      "data": {
                        "Name": "minecraft:fern"
                      }
                    },
                    {
                      "weight": 10,
                      "data": {
                        "Name": "minecraft:grass"
                      }
                    }
                  ]
                }
              }
            },
            "placement": [
              {
                "type": "minecraft:block_predicate_filter",
                "predicate": {
                  "type": "minecraft:all_of",
                  "predicates": [
                    {
                      "type": "minecraft:matching_blocks",
                      "blocks": [
                        "minecraft:air"
                      ]
                    }
                  ]
                }
              }
            ]
          }
        }
      },
      "placement": []
    }
  }
}
