{
	"type": "minecraft:vegetation_patch",
	"config": {
		"surface": "ceiling",
		"depth": {
			"type": "minecraft:uniform",
			"value": {
				"min_inclusive": 1,
				"max_inclusive": 3
			}
		},
		"vertical_range": 5,
		"extra_bottom_block_chance": 0,
		"extra_edge_column_chance": 0.3,
		"vegetation_chance": 0.08,
		"xz_radius": {
			"type": "minecraft:uniform",
			"value": {
				"min_inclusive": 3,
				"max_inclusive": 7
			}
		},
		"replaceable": "far_end:end_stone",
		"ground_state": {
			"type": "minecraft:weighted_state_provider",
			"entries": [
				{
					"weight": 1,
					"data": {
						"Name": "minecraft:crying_obsidian"
					}
				},
				{
					"weight": 8,
					"data": {
						"Name": "minecraft:obsidian"
					}
				},
				{
					"weight": 14,
					"data": {
						"Name": "minecraft:end_stone"
					}
				},
				{
					"weight": 5,
					"data": {
						"Name": "minecraft:purpur_block"
					}
				}
			]
		},
		"vegetation_feature": {
			"feature": {
				"type": "minecraft:block_column",
				"config": {
					"direction": "down",
					"allowed_placement": {
						"type": "minecraft:matching_blocks",
						"blocks": [
							"minecraft:air"
						]
					},
					"prioritize_tip": true,
					"layers": [
						{
							"height": {
								"type": "minecraft:uniform",
								"value": {
									"min_inclusive": 0,
									"max_inclusive": 3
								}
							},
							"provider": {
								"type": "minecraft:weighted_state_provider",
								"entries": [
									{
										"weight": 2,
										"data": {
											"Name": "minecraft:obsidian"
										}
									},
									{
										"weight": 3,
										"data": {
											"Name": "minecraft:crying_obsidian"
										}
									}
								]
							}
						},
						{
							"height": {
								"type": "minecraft:uniform",
								"value": {
									"min_inclusive": 0,
									"max_inclusive": 2
								}
							},
							"provider": {
								"type": "minecraft:weighted_state_provider",
								"entries": [
									{
										"weight": 1,
										"data": {
											"Name": "minecraft:crying_obsidian"
										}
									},
									{
										"weight": 1,
										"data": {
											"Name": "minecraft:obsidian"
										}
									}
								]
							}
						},
						{
							"height": {
								"type": "minecraft:uniform",
								"value": {
									"min_inclusive": 0,
									"max_inclusive": 2
								}
							},
							"provider": {
								"type": "minecraft:weighted_state_provider",
								"entries": [
									{
										"weight": 3,
										"data": {
											"Name": "minecraft:obsidian"
										}
									},
									{
										"weight": 1,
										"data": {
											"Name": "minecraft:crying_obsidian"
										}
									}
								]
							}
						},
						{
							"height": {
								"type": "minecraft:uniform",
								"value": {
									"min_inclusive": 0,
									"max_inclusive": 3
								}
							},
							"provider": {
								"type": "minecraft:weighted_state_provider",
								"entries": [
									{
										"weight": 2,
										"data": {
											"Name": "minecraft:purple_stained_glass"
										}
									},
									{
										"weight": 2,
										"data": {
											"Name": "minecraft:magenta_stained_glass"
										}
									},
									{
										"weight": 1,
										"data": {
											"Name": "minecraft:tinted_glass"
										}
									}
								]
							}
						},
						{
							"height": {
								"type": "minecraft:uniform",
								"value": {
									"min_inclusive": 0,
									"max_inclusive": 4
								}
							},
							"provider": {
								"type": "minecraft:weighted_state_provider",
								"entries": [
									{
										"weight": 1,
										"data": {
											"Name": "minecraft:magenta_stained_glass_pane",
											"Properties": {
												"east": "false",
												"north": "false",
												"south": "false",
												"waterlogged": "false",
												"west": "false"
											}
										}
									},
									{
										"weight": 1,
										"data": {
											"Name": "minecraft:purple_stained_glass_pane",
											"Properties": {
												"east": "false",
												"north": "false",
												"south": "false",
												"waterlogged": "false",
												"west": "false"
											}
										}
									}
								]
							}
						}
					]
				}
			},
			"placement": []
		}
	}
}
