{
	"type": "minecraft:vegetation_patch",
	"config": {
		"surface": "floor",
		"depth": 1,
		"vertical_range": 5,
		"extra_bottom_block_chance": 0.3,
		"extra_edge_column_chance": 0.5,
		"vegetation_chance": 0,
		"xz_radius": {
			"type": "minecraft:uniform",
			"value": {
				"min_inclusive": 3,
				"max_inclusive": 6
			}
		},
		"replaceable": "far_end:end_stone",
		"ground_state": {
			"type": "minecraft:weighted_state_provider",
			"entries": [
				{
					"weight": 15,
					"data": {
						"Name": "minecraft:end_stone"
					}
				},
				{
					"weight": 7,
					"data": {
						"Name": "minecraft:obsidian"
					}
				},
				{
					"weight": 1,
					"data": {
						"Name": "minecraft:crying_obsidian"
					}
				}
			]
		},
		"vegetation_feature": "far_end:nothing"
	}
}
